"By variant(1)","By province(1)","By age(1)",2022,2025,2030,2035,2040,2045,2050,2052
"Medium","Whole country","TFR",0.78,0.65,0.82,0.99,1.05,1.06,1.08,1.08
"Medium","Whole country","15 Years",0.00024,0.00001,0.00011,0.00020,0.00024,0.00024,0.00024,0.00024
"Medium","Whole country","16 Years",0.00022,0.00002,0.00019,0.00035,0.00042,0.00042,0.00042,0.00042
"Medium","Whole country","17 Years",0.00035,0.00005,0.00033,0.00060,0.00071,0.00071,0.00071,0.00071
"Medium","Whole country","18 Years",0.00044,0.00012,0.00056,0.00101,0.00119,0.00119,0.00119,0.00119
"Medium","Whole country","19 Years",0.00102,0.00025,0.00095,0.00165,0.00193,0.00193,0.00193,0.00193
"Medium","Whole country","20 Years",0.00185,0.00050,0.00157,0.00265,0.00308,0.00308,0.00308,0.00308
"Medium","Whole country","21 Years",0.00289,0.00096,0.00255,0.00415,0.00478,0.00478,0.00478,0.00478
"Medium","Whole country","22 Years",0.00389,0.00177,0.00405,0.00633,0.00724,0.00724,0.00724,0.00724
"Medium","Whole country","23 Years",0.00549,0.00312,0.00626,0.00941,0.01067,0.01067,0.01067,0.01067
"Medium","Whole country","24 Years",0.00722,0.00526,0.00944,0.01362,0.01529,0.01529,0.01529,0.01529
"Medium","Whole country","25 Years",0.01001,0.00846,0.01380,0.01914,0.02128,0.02128,0.02128,0.02128
"Medium","Whole country","26 Years",0.01436,0.01299,0.01954,0.02610,0.02872,0.02872,0.02872,0.02872
"Medium","Whole country","27 Years",0.02190,0.01897,0.02672,0.03446,0.03756,0.03756,0.03756,0.03756
"Medium","Whole country","28 Years",0.03111,0.02635,0.03518,0.04400,0.04752,0.04752,0.04752,0.04752
"Medium","Whole country","29 Years",0.04323,0.03479,0.04449,0.05420,0.05809,0.05809,0.05809,0.05809
"Medium","Whole country","30 Years",0.05829,0.04357,0.05395,0.06433,0.06849,0.06849,0.06849,0.06849
"Medium","Whole country","31 Years",0.07222,0.05171,0.06281,0.07392,0.07777,0.07777,0.07777,0.07777
"Medium","Whole country","32 Years",0.08062,0.05809,0.06989,0.08170,0.08493,0.08493,0.08493,0.08493
"Medium","Whole country","33 Years",0.07994,0.06169,0.07412,0.08655,0.08904,0.08904,0.08904,0.08904
"Medium","Whole country","34 Years",0.07699,0.06184,0.07469,0.08754,0.09025,0.08946,0.08946,0.08946
"Medium","Whole country","35 Years",0.06821,0.05845,0.07130,0.08415,0.08729,0.08598,0.08598,0.08598
"Medium","Whole country","36 Years",0.05610,0.05202,0.06424,0.07646,0.08012,0.07891,0.07891,0.07891
"Medium","Whole country","37 Years",0.04431,0.04352,0.05439,0.06527,0.06936,0.06901,0.06901,0.06901
"Medium","Whole country","38 Years",0.03379,0.03418,0.04307,0.05196,0.05621,0.05739,0.05739,0.05739
"Medium","Whole country","39 Years",0.02481,0.02517,0.03172,0.03826,0.04230,0.04478,0.04529,0.04529
"Medium","Whole country","40 Years",0.01721,0.01734,0.02158,0.02582,0.02927,0.03247,0.03384,0.03384
"Medium","Whole country","41 Years",0.01106,0.01117,0.01348,0.01579,0.01842,0.02167,0.02388,0.02388
"Medium","Whole country","42 Years",0.00640,0.00671,0.00769,0.00866,0.01041,0.01317,0.01588,0.01588
"Medium","Whole country","43 Years",0.00351,0.00376,0.00398,0.00420,0.00521,0.00719,0.00993,0.00993
"Medium","Whole country","44 Years",0.00163,0.00196,0.00187,0.00179,0.00227,0.00348,0.00534,0.00582
"Medium","Whole country","45 Years",0.00066,0.00095,0.00081,0.00066,0.00085,0.00147,0.00256,0.00319
"Medium","Whole country","46 Years",0.00025,0.00042,0.00052,0.00062,0.00026,0.00053,0.00107,0.00142
"Medium","Whole country","47 Years",0.00009,0.00018,0.00015,0.00012,0.00007,0.00016,0.00038,0.00055
"Medium","Whole country","48 Years",0.00003,0.00007,0.00007,0.00007,0.00001,0.00004,0.00012,0.00018
"Medium","Whole country","49 Years",0.00001,0.00002,0.00002,0.00001,0.00002,0.00001,0.00003,0.00005
"Medium","Seoul","TFR",0.59,0.46,0.61,0.76,0.83,0.84,0.85,0.86
"Medium","Seoul","15 Years",0.00003,0.00000,0.00004,0.00007,0.00009,0.00009,0.00009,0.00009
"Medium","Seoul","16 Years",0.00014,0.00001,0.00007,0.00013,0.00016,0.00016,0.00016,0.00016
"Medium","Seoul","17 Years",0.00014,0.00002,0.00012,0.00023,0.00028,0.00028,0.00028,0.00028
"Medium","Seoul","18 Years",0.00028,0.00004,0.00022,0.00041,0.00048,0.00048,0.00048,0.00048
"Medium","Seoul","19 Years",0.00045,0.00009,0.00038,0.00069,0.00082,0.00082,0.00082,0.00082
"Medium","Seoul","20 Years",0.00065,0.00019,0.00066,0.00115,0.00136,0.00136,0.00136,0.00136
"Medium","Seoul","21 Years",0.00103,0.00038,0.00111,0.00188,0.00220,0.00220,0.00220,0.00220
"Medium","Seoul","22 Years",0.00143,0.00074,0.00183,0.00300,0.00348,0.00348,0.00348,0.00348
"Medium","Seoul","23 Years",0.00159,0.00136,0.00296,0.00466,0.00536,0.00536,0.00536,0.00536
"Medium","Seoul","24 Years",0.00214,0.00241,0.00466,0.00705,0.00804,0.00804,0.00804,0.00804
"Medium","Seoul","25 Years",0.00304,0.00407,0.00714,0.01039,0.01173,0.01173,0.01173,0.01173
"Medium","Seoul","26 Years",0.00475,0.00658,0.01061,0.01486,0.01661,0.01661,0.01661,0.01661
"Medium","Seoul","27 Years",0.00820,0.01012,0.01522,0.02059,0.02280,0.02280,0.02280,0.02280
"Medium","Seoul","28 Years",0.01243,0.01482,0.02105,0.02759,0.03029,0.03029,0.03029,0.03029
"Medium","Seoul","29 Years",0.02073,0.02060,0.02796,0.03567,0.03885,0.03885,0.03885,0.03885
"Medium","Seoul","30 Years",0.03393,0.02713,0.03557,0.04440,0.04804,0.04804,0.04804,0.04804
"Medium","Seoul","31 Years",0.04546,0.03379,0.04339,0.05344,0.05715,0.05715,0.05715,0.05715
"Medium","Seoul","32 Years",0.06025,0.03973,0.05048,0.06177,0.06525,0.06525,0.06525,0.06525
"Medium","Seoul","33 Years",0.06605,0.04400,0.05581,0.06828,0.07135,0.07135,0.07135,0.07135
"Medium","Seoul","34 Years",0.06735,0.04580,0.05844,0.07185,0.07522,0.07455,0.07455,0.07455
"Medium","Seoul","35 Years",0.06200,0.04473,0.05772,0.07158,0.07541,0.07424,0.07424,0.07424
"Medium","Seoul","36 Years",0.05512,0.04092,0.05355,0.06711,0.07145,0.07030,0.07030,0.07030
"Medium","Seoul","37 Years",0.04281,0.03501,0.04646,0.05882,0.06356,0.06316,0.06316,0.06316
"Medium","Seoul","38 Years",0.03444,0.02798,0.03750,0.04783,0.05266,0.05371,0.05371,0.05371
"Medium","Seoul","39 Years",0.02554,0.02086,0.02801,0.03578,0.04031,0.04265,0.04314,0.04314
"Medium","Seoul","40 Years",0.01796,0.01451,0.01925,0.02441,0.02824,0.03133,0.03267,0.03267
"Medium","Seoul","41 Years",0.01183,0.00940,0.01210,0.01504,0.01792,0.02111,0.02329,0.02329
"Medium","Seoul","42 Years",0.00711,0.00567,0.00693,0.00828,0.01018,0.01290,0.01559,0.01559
"Medium","Seoul","43 Years",0.00393,0.00318,0.00360,0.00403,0.00510,0.00707,0.00979,0.00979
"Medium","Seoul","44 Years",0.00169,0.00166,0.00169,0.00172,0.00223,0.00343,0.00528,0.00575
"Medium","Seoul","45 Years",0.00058,0.00080,0.00073,0.00064,0.00083,0.00145,0.00253,0.00316
"Medium","Seoul","46 Years",0.00016,0.00036,0.00047,0.00059,0.00026,0.00052,0.00106,0.00140
"Medium","Seoul","47 Years",0.00014,0.00015,0.00013,0.00011,0.00007,0.00016,0.00038,0.00054
"Medium","Seoul","48 Years",0.00001,0.00006,0.00006,0.00006,0.00001,0.00004,0.00012,0.00018
"Medium","Seoul","49 Years",0.00000,0.00002,0.00002,0.00001,0.00001,0.00001,0.00003,0.00005
"Medium","Busan","TFR",0.72,0.58,0.74,0.90,0.97,0.98,0.99,1.00
"Medium","Busan","15 Years",0.00008,0.00001,0.00009,0.00017,0.00020,0.00020,0.00020,0.00020
"Medium","Busan","16 Years",0.00008,0.00002,0.00016,0.00029,0.00034,0.00034,0.00034,0.00034
"Medium","Busan","17 Years",0.00016,0.00005,0.00027,0.00049,0.00058,0.00058,0.00058,0.00058
"Medium","Busan","18 Years",0.00030,0.00010,0.00046,0.00082,0.00096,0.00096,0.00096,0.00096
"Medium","Busan","19 Years",0.00072,0.00020,0.00077,0.00134,0.00157,0.00157,0.00157,0.00157
"Medium","Busan","20 Years",0.00165,0.00041,0.00128,0.00215,0.00250,0.00250,0.00250,0.00250
"Medium","Busan","21 Years",0.00173,0.00078,0.00207,0.00337,0.00389,0.00389,0.00389,0.00389
"Medium","Busan","22 Years",0.00277,0.00143,0.00329,0.00516,0.00592,0.00592,0.00592,0.00592
"Medium","Busan","23 Years",0.00274,0.00253,0.00511,0.00772,0.00877,0.00877,0.00877,0.00877
"Medium","Busan","24 Years",0.00563,0.00428,0.00774,0.01125,0.01266,0.01266,0.01266,0.01266
"Medium","Busan","25 Years",0.00749,0.00692,0.01140,0.01594,0.01777,0.01777,0.01777,0.01777
"Medium","Busan","26 Years",0.01044,0.01069,0.01628,0.02195,0.02423,0.02423,0.02423,0.02423
"Medium","Busan","27 Years",0.01468,0.01575,0.02247,0.02929,0.03205,0.03205,0.03205,0.03205
"Medium","Busan","28 Years",0.02372,0.02210,0.02991,0.03784,0.04104,0.04104,0.04104,0.04104
"Medium","Busan","29 Years",0.03929,0.02951,0.03829,0.04721,0.05082,0.05082,0.05082,0.05082
"Medium","Busan","30 Years",0.05290,0.03740,0.04701,0.05678,0.06073,0.06073,0.06073,0.06073
"Medium","Busan","31 Years",0.06942,0.04496,0.05545,0.06614,0.06993,0.06993,0.06993,0.06993
"Medium","Busan","32 Years",0.07805,0.05114,0.06251,0.07410,0.07743,0.07743,0.07743,0.07743
"Medium","Busan","33 Years",0.07876,0.05497,0.06714,0.07957,0.08228,0.08228,0.08228,0.08228
"Medium","Busan","34 Years",0.07600,0.05574,0.06849,0.08153,0.08450,0.08375,0.08375,0.08375
"Medium","Busan","35 Years",0.06591,0.05322,0.06611,0.07933,0.08273,0.08148,0.08148,0.08148
"Medium","Busan","36 Years",0.05429,0.04778,0.06014,0.07287,0.07678,0.07560,0.07560,0.07560
"Medium","Busan","37 Years",0.04315,0.04026,0.05135,0.06279,0.06712,0.06675,0.06675,0.06675
"Medium","Busan","38 Years",0.03097,0.03181,0.04093,0.05037,0.05484,0.05596,0.05596,0.05596
"Medium","Busan","39 Years",0.02456,0.02352,0.03029,0.03730,0.04152,0.04394,0.04445,0.04445
"Medium","Busan","40 Years",0.01626,0.01626,0.02068,0.02527,0.02886,0.03202,0.03338,0.03338
"Medium","Busan","41 Years",0.01039,0.01049,0.01295,0.01550,0.01822,0.02144,0.02364,0.02364
"Medium","Busan","42 Years",0.00547,0.00631,0.00739,0.00851,0.01032,0.01306,0.01576,0.01576
"Medium","Busan","43 Years",0.00298,0.00354,0.00383,0.00414,0.00517,0.00714,0.00987,0.00987
"Medium","Busan","44 Years",0.00180,0.00184,0.00180,0.00176,0.00225,0.00346,0.00532,0.00579
"Medium","Busan","45 Years",0.00044,0.00089,0.00078,0.00065,0.00084,0.00146,0.00254,0.00317
"Medium","Busan","46 Years",0.00026,0.00040,0.00050,0.00061,0.00026,0.00053,0.00107,0.00141
"Medium","Busan","47 Years",0.00000,0.00017,0.00014,0.00012,0.00007,0.00016,0.00038,0.00054
"Medium","Busan","48 Years",0.00004,0.00006,0.00006,0.00007,0.00001,0.00004,0.00012,0.00018
"Medium","Busan","49 Years",0.00000,0.00002,0.00002,0.00001,0.00002,0.00001,0.00003,0.00005
"Medium","Daegu","TFR",0.76,0.64,0.81,0.98,1.05,1.07,1.08,1.08
"Medium","Daegu","15 Years",0.00000,0.00000,0.00005,0.00011,0.00013,0.00013,0.00013,0.00013
"Medium","Daegu","16 Years",0.00000,0.00001,0.00011,0.00022,0.00027,0.00027,0.00027,0.00027
"Medium","Daegu","17 Years",0.00039,0.00003,0.00021,0.00040,0.00049,0.00049,0.00049,0.00049
"Medium","Daegu","18 Years",0.00045,0.00007,0.00038,0.00072,0.00086,0.00086,0.00086,0.00086
"Medium","Daegu","19 Years",0.00036,0.00015,0.00068,0.00123,0.00146,0.00146,0.00146,0.00146
"Medium","Daegu","20 Years",0.00076,0.00033,0.00117,0.00206,0.00243,0.00243,0.00243,0.00243
"Medium","Daegu","21 Years",0.00203,0.00067,0.00198,0.00335,0.00391,0.00391,0.00391,0.00391
"Medium","Daegu","22 Years",0.00298,0.00131,0.00327,0.00530,0.00613,0.00613,0.00613,0.00613
"Medium","Daegu","23 Years",0.00384,0.00243,0.00524,0.00813,0.00931,0.00931,0.00931,0.00931
"Medium","Daegu","24 Years",0.00634,0.00428,0.00815,0.01211,0.01371,0.01371,0.01371,0.01371
"Medium","Daegu","25 Years",0.00903,0.00717,0.01227,0.01746,0.01956,0.01956,0.01956,0.01956
"Medium","Daegu","26 Years",0.01213,0.01139,0.01782,0.02435,0.02697,0.02697,0.02697,0.02697
"Medium","Daegu","27 Years",0.02011,0.01715,0.02493,0.03279,0.03595,0.03595,0.03595,0.03595
"Medium","Daegu","28 Years",0.03104,0.02445,0.03348,0.04257,0.04622,0.04622,0.04622,0.04622
"Medium","Daegu","29 Years",0.04674,0.03298,0.04308,0.05320,0.05726,0.05726,0.05726,0.05726
"Medium","Daegu","30 Years",0.05993,0.04206,0.05298,0.06390,0.06826,0.06826,0.06826,0.06826
"Medium","Daegu","31 Years",0.07534,0.05066,0.06240,0.07412,0.07822,0.07822,0.07822,0.07822
"Medium","Daegu","32 Years",0.08604,0.05758,0.07007,0.08254,0.08600,0.08600,0.08600,0.08600
"Medium","Daegu","33 Years",0.08145,0.06170,0.07484,0.08793,0.09062,0.09062,0.09062,0.09062
"Medium","Daegu","34 Years",0.07652,0.06228,0.07581,0.08930,0.09218,0.09137,0.09137,0.09137
"Medium","Daegu","35 Years",0.06483,0.05916,0.07264,0.08606,0.08935,0.08802,0.08802,0.08802
"Medium","Daegu","36 Years",0.05022,0.05283,0.06561,0.07833,0.08212,0.08087,0.08087,0.08087
"Medium","Daegu","37 Years",0.03733,0.04431,0.05565,0.06691,0.07112,0.07076,0.07076,0.07076
"Medium","Daegu","38 Years",0.03314,0.03486,0.04411,0.05329,0.05765,0.05885,0.05885,0.05885
"Medium","Daegu","39 Years",0.02133,0.02569,0.03250,0.03924,0.04338,0.04591,0.04644,0.04644
"Medium","Daegu","40 Years",0.01420,0.01772,0.02212,0.02647,0.03001,0.03328,0.03469,0.03469
"Medium","Daegu","41 Years",0.00966,0.01142,0.01382,0.01619,0.01888,0.02221,0.02448,0.02448
"Medium","Daegu","42 Years",0.00529,0.00686,0.00788,0.00888,0.01067,0.01349,0.01628,0.01628
"Medium","Daegu","43 Years",0.00350,0.00384,0.00408,0.00431,0.00534,0.00737,0.01017,0.01017
"Medium","Daegu","44 Years",0.00108,0.00200,0.00192,0.00184,0.00233,0.00357,0.00547,0.00596
"Medium","Daegu","45 Years",0.00040,0.00097,0.00083,0.00068,0.00087,0.00151,0.00262,0.00327
"Medium","Daegu","46 Years",0.00011,0.00043,0.00054,0.00064,0.00027,0.00054,0.00110,0.00145
"Medium","Daegu","47 Years",0.00000,0.00018,0.00015,0.00012,0.00007,0.00017,0.00039,0.00056
"Medium","Daegu","48 Years",0.00000,0.00007,0.00007,0.00007,0.00001,0.00004,0.00012,0.00018
"Medium","Daegu","49 Years",0.00000,0.00002,0.00002,0.00001,0.00002,0.00001,0.00003,0.00005
"Medium","Incheon","TFR",0.75,0.64,0.80,0.97,1.03,1.05,1.06,1.06
"Medium","Incheon","15 Years",0.00008,0.00002,0.00015,0.00028,0.00032,0.00032,0.00032,0.00032
"Medium","Incheon","16 Years",0.00000,0.00003,0.00024,0.00044,0.00052,0.00052,0.00052,0.00052
"Medium","Incheon","17 Years",0.00024,0.00007,0.00041,0.00072,0.00085,0.00085,0.00085,0.00085
"Medium","Incheon","18 Years",0.00030,0.00015,0.00067,0.00117,0.00137,0.00137,0.00137,0.00137
"Medium","Incheon","19 Years",0.00140,0.00031,0.00110,0.00187,0.00217,0.00217,0.00217,0.00217
"Medium","Incheon","20 Years",0.00126,0.00060,0.00178,0.00292,0.00337,0.00337,0.00337,0.00337
"Medium","Incheon","21 Years",0.00334,0.00112,0.00281,0.00447,0.00513,0.00513,0.00513,0.00513
"Medium","Incheon","22 Years",0.00348,0.00200,0.00437,0.00670,0.00762,0.00762,0.00762,0.00762
"Medium","Incheon","23 Years",0.00656,0.00343,0.00664,0.00979,0.01105,0.01105,0.01105,0.01105
"Medium","Incheon","24 Years",0.00700,0.00565,0.00983,0.01396,0.01561,0.01561,0.01561,0.01561
"Medium","Incheon","25 Years",0.01038,0.00890,0.01416,0.01938,0.02146,0.02146,0.02146,0.02146
"Medium","Incheon","26 Years",0.01503,0.01341,0.01978,0.02614,0.02868,0.02868,0.02868,0.02868
"Medium","Incheon","27 Years",0.02078,0.01929,0.02675,0.03421,0.03719,0.03719,0.03719,0.03719
"Medium","Incheon","28 Years",0.03226,0.02647,0.03491,0.04336,0.04675,0.04675,0.04675,0.04675
"Medium","Incheon","29 Years",0.04129,0.03458,0.04384,0.05313,0.05685,0.05685,0.05685,0.05685
"Medium","Incheon","30 Years",0.05338,0.04298,0.05287,0.06281,0.06680,0.06680,0.06680,0.06680
"Medium","Incheon","31 Years",0.06667,0.05072,0.06133,0.07199,0.07570,0.07570,0.07570,0.07570
"Medium","Incheon","32 Years",0.07665,0.05675,0.06807,0.07946,0.08259,0.08259,0.08259,0.08259
"Medium","Incheon","33 Years",0.07651,0.06011,0.07210,0.08416,0.08659,0.08659,0.08659,0.08659
"Medium","Incheon","34 Years",0.06843,0.06018,0.07263,0.08517,0.08785,0.08708,0.08708,0.08708
"Medium","Incheon","35 Years",0.06630,0.05684,0.06935,0.08196,0.08508,0.08381,0.08381,0.08381
"Medium","Incheon","36 Years",0.05468,0.05058,0.06253,0.07459,0.07823,0.07704,0.07704,0.07704
"Medium","Incheon","37 Years",0.04203,0.04232,0.05299,0.06377,0.06784,0.06750,0.06750,0.06750
"Medium","Incheon","38 Years",0.03455,0.03325,0.04200,0.05085,0.05508,0.05623,0.05623,0.05623
"Medium","Incheon","39 Years",0.02424,0.02449,0.03095,0.03749,0.04151,0.04394,0.04444,0.04444
"Medium","Incheon","40 Years",0.01771,0.01688,0.02107,0.02532,0.02876,0.03190,0.03325,0.03325
"Medium","Incheon","41 Years",0.01054,0.01088,0.01317,0.01550,0.01812,0.02131,0.02349,0.02349
"Medium","Incheon","42 Years",0.00608,0.00654,0.00751,0.00850,0.01024,0.01296,0.01563,0.01563
"Medium","Incheon","43 Years",0.00368,0.00366,0.00389,0.00413,0.00513,0.00708,0.00978,0.00978
"Medium","Incheon","44 Years",0.00107,0.00191,0.00183,0.00176,0.00223,0.00343,0.00526,0.00573
"Medium","Incheon","45 Years",0.00055,0.00092,0.00079,0.00065,0.00083,0.00145,0.00252,0.00314
"Medium","Incheon","46 Years",0.00014,0.00041,0.00051,0.00061,0.00026,0.00052,0.00105,0.00139
"Medium","Incheon","47 Years",0.00013,0.00017,0.00014,0.00012,0.00007,0.00016,0.00038,0.00054
"Medium","Incheon","48 Years",0.00004,0.00007,0.00007,0.00007,0.00001,0.00004,0.00011,0.00018
"Medium","Incheon","49 Years",0.00000,0.00002,0.00002,0.00001,0.00001,0.00001,0.00003,0.00005
"Medium","Gwangju","TFR",0.84,0.67,0.85,1.03,1.10,1.11,1.13,1.13
"Medium","Gwangju","15 Years",0.00000,0.00000,0.00005,0.00010,0.00012,0.00012,0.00012,0.00012
"Medium","Gwangju","16 Years",0.00014,0.00001,0.00011,0.00022,0.00026,0.00026,0.00026,0.00026
"Medium","Gwangju","17 Years",0.00028,0.00003,0.00021,0.00041,0.00049,0.00049,0.00049,0.00049
"Medium","Gwangju","18 Years",0.00013,0.00006,0.00038,0.00073,0.00088,0.00088,0.00088,0.00088
"Medium","Gwangju","19 Years",0.00127,0.00015,0.00069,0.00128,0.00152,0.00152,0.00152,0.00152
"Medium","Gwangju","20 Years",0.00190,0.00033,0.00121,0.00216,0.00256,0.00256,0.00256,0.00256
"Medium","Gwangju","21 Years",0.00219,0.00068,0.00208,0.00355,0.00416,0.00416,0.00416,0.00416
"Medium","Gwangju","22 Years",0.00328,0.00136,0.00346,0.00566,0.00655,0.00655,0.00655,0.00655
"Medium","Gwangju","23 Years",0.00666,0.00255,0.00559,0.00873,0.01000,0.01000,0.01000,0.01000
"Medium","Gwangju","24 Years",0.00592,0.00455,0.00874,0.01304,0.01478,0.01478,0.01478,0.01478
"Medium","Gwangju","25 Years",0.00973,0.00767,0.01321,0.01883,0.02110,0.02110,0.02110,0.02110
"Medium","Gwangju","26 Years",0.01603,0.01225,0.01923,0.02627,0.02910,0.02910,0.02910,0.02910
"Medium","Gwangju","27 Years",0.02562,0.01849,0.02690,0.03534,0.03872,0.03872,0.03872,0.03872
"Medium","Gwangju","28 Years",0.04335,0.02638,0.03609,0.04577,0.04963,0.04963,0.04963,0.04963
"Medium","Gwangju","29 Years",0.05117,0.03555,0.04631,0.05699,0.06125,0.06125,0.06125,0.06125
"Medium","Gwangju","30 Years",0.06979,0.04523,0.05674,0.06813,0.07266,0.07266,0.07266,0.07266
"Medium","Gwangju","31 Years",0.08237,0.05430,0.06653,0.07862,0.08278,0.08278,0.08278,0.08278
"Medium","Gwangju","32 Years",0.09080,0.06145,0.07433,0.08702,0.09047,0.09047,0.09047,0.09047
"Medium","Gwangju","33 Years",0.08510,0.06555,0.07895,0.09213,0.09471,0.09471,0.09471,0.09471
"Medium","Gwangju","34 Years",0.07655,0.06585,0.07953,0.09296,0.09571,0.09487,0.09487,0.09487
"Medium","Gwangju","35 Years",0.07046,0.06227,0.07579,0.08904,0.09219,0.09082,0.09082,0.09082
"Medium","Gwangju","36 Years",0.06202,0.05538,0.06812,0.08057,0.08422,0.08296,0.08296,0.08296
"Medium","Gwangju","37 Years",0.04358,0.04628,0.05753,0.06849,0.07255,0.07220,0.07220,0.07220
"Medium","Gwangju","38 Years",0.03361,0.03631,0.04544,0.05431,0.05854,0.05978,0.05978,0.05978
"Medium","Gwangju","39 Years",0.02483,0.02670,0.03339,0.03987,0.04389,0.04646,0.04699,0.04699
"Medium","Gwangju","40 Years",0.01615,0.01839,0.02268,0.02683,0.03029,0.03359,0.03500,0.03500
"Medium","Gwangju","41 Years",0.00911,0.01184,0.01416,0.01639,0.01903,0.02237,0.02465,0.02465
"Medium","Gwangju","42 Years",0.00731,0.00711,0.00806,0.00898,0.01074,0.01357,0.01637,0.01637
"Medium","Gwangju","43 Years",0.00241,0.00398,0.00418,0.00436,0.00537,0.00741,0.01022,0.01022
"Medium","Gwangju","44 Years",0.00156,0.00207,0.00197,0.00185,0.00234,0.00358,0.00549,0.00598
"Medium","Gwangju","45 Years",0.00070,0.00100,0.00084,0.00069,0.00087,0.00151,0.00263,0.00328
"Medium","Gwangju","46 Years",0.00036,0.00045,0.00055,0.00064,0.00027,0.00055,0.00110,0.00145
"Medium","Gwangju","47 Years",0.00000,0.00019,0.00015,0.00012,0.00007,0.00017,0.00040,0.00056
"Medium","Gwangju","48 Years",0.00000,0.00007,0.00007,0.00007,0.00001,0.00004,0.00012,0.00018
"Medium","Gwangju","49 Years",0.00000,0.00003,0.00002,0.00002,0.00002,0.00001,0.00003,0.00005
"Medium","Daejeon","TFR",0.84,0.66,0.83,1.00,1.06,1.08,1.09,1.09
"Medium","Daejeon","15 Years",0.00000,0.00001,0.00013,0.00024,0.00028,0.00028,0.00028,0.00028
"Medium","Daejeon","16 Years",0.00016,0.00003,0.00022,0.00040,0.00048,0.00048,0.00048,0.00048
"Medium","Daejeon","17 Years",0.00030,0.00006,0.00037,0.00068,0.00080,0.00080,0.00080,0.00080
"Medium","Daejeon","18 Years",0.00028,0.00014,0.00063,0.00112,0.00132,0.00132,0.00132,0.00132
"Medium","Daejeon","19 Years",0.00081,0.00028,0.00106,0.00182,0.00213,0.00213,0.00213,0.00213
"Medium","Daejeon","20 Years",0.00283,0.00056,0.00174,0.00289,0.00336,0.00336,0.00336,0.00336
"Medium","Daejeon","21 Years",0.00340,0.00107,0.00279,0.00449,0.00517,0.00517,0.00517,0.00517
"Medium","Daejeon","22 Years",0.00366,0.00195,0.00439,0.00680,0.00776,0.00776,0.00776,0.00776
"Medium","Daejeon","23 Years",0.00649,0.00341,0.00673,0.01003,0.01134,0.01134,0.01134,0.01134
"Medium","Daejeon","24 Years",0.00793,0.00569,0.01006,0.01440,0.01613,0.01613,0.01613,0.01613
"Medium","Daejeon","25 Years",0.00984,0.00907,0.01460,0.02010,0.02230,0.02230,0.02230,0.02230
"Medium","Daejeon","26 Years",0.01638,0.01379,0.02053,0.02723,0.02991,0.02991,0.02991,0.02991
"Medium","Daejeon","27 Years",0.02436,0.01997,0.02787,0.03574,0.03887,0.03887,0.03887,0.03887
"Medium","Daejeon","28 Years",0.03547,0.02754,0.03647,0.04536,0.04891,0.04891,0.04891,0.04891
"Medium","Daejeon","29 Years",0.04892,0.03611,0.04586,0.05558,0.05947,0.05947,0.05947,0.05947
"Medium","Daejeon","30 Years",0.05839,0.04495,0.05531,0.06566,0.06979,0.06979,0.06979,0.06979
"Medium","Daejeon","31 Years",0.08257,0.05306,0.06410,0.07511,0.07891,0.07891,0.07891,0.07891
"Medium","Daejeon","32 Years",0.08592,0.05934,0.07103,0.08269,0.08585,0.08585,0.08585,0.08585
"Medium","Daejeon","33 Years",0.08794,0.06276,0.07504,0.08730,0.08971,0.08971,0.08971,0.08971
"Medium","Daejeon","34 Years",0.08077,0.06271,0.07539,0.08803,0.09067,0.08987,0.08987,0.08987
"Medium","Daejeon","35 Years",0.07639,0.05910,0.07178,0.08441,0.08747,0.08617,0.08617,0.08617
"Medium","Daejeon","36 Years",0.05725,0.05248,0.06453,0.07654,0.08012,0.07891,0.07891,0.07891
"Medium","Daejeon","37 Years",0.04894,0.04383,0.05455,0.06523,0.06924,0.06890,0.06890,0.06890
"Medium","Daejeon","38 Years",0.03614,0.03438,0.04314,0.05186,0.05605,0.05722,0.05722,0.05722
"Medium","Daejeon","39 Years",0.02484,0.02529,0.03174,0.03816,0.04214,0.04460,0.04511,0.04511
"Medium","Daejeon","40 Years",0.01894,0.01742,0.02158,0.02573,0.02914,0.03232,0.03368,0.03368
"Medium","Daejeon","41 Years",0.01121,0.01122,0.01348,0.01573,0.01833,0.02156,0.02376,0.02376
"Medium","Daejeon","42 Years",0.00584,0.00674,0.00768,0.00862,0.01036,0.01309,0.01580,0.01580
"Medium","Daejeon","43 Years",0.00308,0.00377,0.00398,0.00419,0.00518,0.00715,0.00987,0.00987
"Medium","Daejeon","44 Years",0.00179,0.00196,0.00187,0.00178,0.00226,0.00346,0.00531,0.00578
"Medium","Daejeon","45 Years",0.00045,0.00095,0.00080,0.00066,0.00084,0.00146,0.00254,0.00317
"Medium","Daejeon","46 Years",0.00027,0.00043,0.00052,0.00062,0.00026,0.00053,0.00106,0.00141
"Medium","Daejeon","47 Years",0.00017,0.00018,0.00015,0.00012,0.00007,0.00016,0.00038,0.00054
"Medium","Daejeon","48 Years",0.00000,0.00007,0.00007,0.00007,0.00001,0.00004,0.00012,0.00018
"Medium","Daejeon","49 Years",0.00000,0.00002,0.00002,0.00001,0.00002,0.00001,0.00003,0.00005
"Medium","Ulsan","TFR",0.85,0.77,0.95,1.12,1.19,1.20,1.22,1.22
"Medium","Ulsan","15 Years",0.00000,0.00001,0.00011,0.00022,0.00026,0.00026,0.00026,0.00026
"Medium","Ulsan","16 Years",0.00021,0.00002,0.00021,0.00042,0.00050,0.00050,0.00050,0.00050
"Medium","Ulsan","17 Years",0.00082,0.00006,0.00039,0.00074,0.00088,0.00088,0.00088,0.00088
"Medium","Ulsan","18 Years",0.00058,0.00013,0.00069,0.00127,0.00150,0.00150,0.00150,0.00150
"Medium","Ulsan","19 Years",0.00164,0.00029,0.00120,0.00212,0.00250,0.00250,0.00250,0.00250
"Medium","Ulsan","20 Years",0.00263,0.00060,0.00202,0.00345,0.00402,0.00402,0.00402,0.00402
"Medium","Ulsan","21 Years",0.00179,0.00120,0.00332,0.00544,0.00629,0.00629,0.00629,0.00629
"Medium","Ulsan","22 Years",0.00366,0.00227,0.00531,0.00834,0.00954,0.00954,0.00954,0.00954
"Medium","Ulsan","23 Years",0.00466,0.00406,0.00825,0.01240,0.01404,0.01404,0.01404,0.01404
"Medium","Ulsan","24 Years",0.00870,0.00691,0.01243,0.01787,0.02002,0.02002,0.02002,0.02002
"Medium","Ulsan","25 Years",0.01198,0.01116,0.01812,0.02494,0.02764,0.02764,0.02764,0.02764
"Medium","Ulsan","26 Years",0.01488,0.01708,0.02546,0.03365,0.03689,0.03689,0.03689,0.03689
"Medium","Ulsan","27 Years",0.02999,0.02479,0.03444,0.04385,0.04756,0.04756,0.04756,0.04756
"Medium","Ulsan","28 Years",0.04155,0.03408,0.04473,0.05511,0.05918,0.05918,0.05918,0.05918
"Medium","Ulsan","29 Years",0.05814,0.04438,0.05569,0.06669,0.07101,0.07101,0.07101,0.07101
"Medium","Ulsan","30 Years",0.08223,0.05470,0.06633,0.07762,0.08205,0.08205,0.08205,0.08205
"Medium","Ulsan","31 Years",0.08916,0.06379,0.07576,0.08737,0.09122,0.09122,0.09122,0.09122
"Medium","Ulsan","32 Years",0.09267,0.07036,0.08264,0.09451,0.09748,0.09748,0.09748,0.09748
"Medium","Ulsan","33 Years",0.08600,0.07336,0.08591,0.09799,0.10000,0.10000,0.10000,0.10000
"Medium","Ulsan","34 Years",0.08798,0.07227,0.08493,0.09706,0.09923,0.09837,0.09837,0.09837
"Medium","Ulsan","35 Years",0.06475,0.06722,0.07964,0.09146,0.09405,0.09268,0.09268,0.09268
"Medium","Ulsan","36 Years",0.04851,0.05898,0.07062,0.08163,0.08475,0.08352,0.08352,0.08352
"Medium","Ulsan","37 Years",0.03773,0.04877,0.05899,0.06861,0.07218,0.07187,0.07187,0.07187
"Medium","Ulsan","38 Years",0.02599,0.03795,0.04620,0.05394,0.05772,0.05896,0.05896,0.05896
"Medium","Ulsan","39 Years",0.01943,0.02775,0.03374,0.03933,0.04298,0.04550,0.04602,0.04602
"Medium","Ulsan","40 Years",0.01320,0.01903,0.02283,0.02636,0.02951,0.03272,0.03410,0.03410
"Medium","Ulsan","41 Years",0.00927,0.01222,0.01420,0.01605,0.01848,0.02171,0.02392,0.02392
"Medium","Ulsan","42 Years",0.00607,0.00733,0.00808,0.00878,0.01041,0.01314,0.01584,0.01584
"Medium","Ulsan","43 Years",0.00167,0.00410,0.00418,0.00426,0.00520,0.00716,0.00987,0.00987
"Medium","Ulsan","44 Years",0.00136,0.00213,0.00197,0.00181,0.00226,0.00347,0.00530,0.00578
"Medium","Ulsan","45 Years",0.00036,0.00103,0.00084,0.00067,0.00084,0.00146,0.00253,0.00316
"Medium","Ulsan","46 Years",0.00012,0.00046,0.00055,0.00063,0.00026,0.00053,0.00106,0.00140
"Medium","Ulsan","47 Years",0.00011,0.00019,0.00015,0.00012,0.00007,0.00016,0.00038,0.00054
"Medium","Ulsan","48 Years",0.00000,0.00007,0.00007,0.00007,0.00001,0.00004,0.00012,0.00018
"Medium","Ulsan","49 Years",0.00000,0.00003,0.00002,0.00001,0.00002,0.00001,0.00003,0.00005
"Medium","Sejong","TFR",1.12,1.03,1.24,1.42,1.48,1.50,1.51,1.51
"Medium","Sejong","15 Years",0.00000,0.00000,0.00001,0.00002,0.00002,0.00002,0.00002,0.00002
"Medium","Sejong","16 Years",0.00000,0.00000,0.00003,0.00008,0.00010,0.00010,0.00010,0.00010
"Medium","Sejong","17 Years",0.00000,0.00000,0.00008,0.00022,0.00028,0.00028,0.00028,0.00028
"Medium","Sejong","18 Years",0.00100,0.00001,0.00021,0.00052,0.00067,0.00067,0.00067,0.00067
"Medium","Sejong","19 Years",0.00111,0.00005,0.00049,0.00114,0.00144,0.00144,0.00144,0.00144
"Medium","Sejong","20 Years",0.00244,0.00016,0.00108,0.00232,0.00288,0.00288,0.00288,0.00288
"Medium","Sejong","21 Years",0.00532,0.00046,0.00221,0.00443,0.00540,0.00540,0.00540,0.00540
"Medium","Sejong","22 Years",0.00531,0.00118,0.00428,0.00795,0.00951,0.00951,0.00951,0.00951
"Medium","Sejong","23 Years",0.00606,0.00275,0.00781,0.01345,0.01579,0.01579,0.01579,0.01579
"Medium","Sejong","24 Years",0.01137,0.00582,0.01343,0.02148,0.02476,0.02476,0.02476,0.02476
"Medium","Sejong","25 Years",0.01253,0.01117,0.02174,0.03244,0.03670,0.03670,0.03670,0.03670
"Medium","Sejong","26 Years",0.01483,0.01958,0.03312,0.04630,0.05146,0.05146,0.05146,0.05146
"Medium","Sejong","27 Years",0.03195,0.03141,0.04743,0.06254,0.06835,0.06835,0.06835,0.06835
"Medium","Sejong","28 Years",0.05019,0.04630,0.06385,0.07997,0.08608,0.08608,0.08608,0.08608
"Medium","Sejong","29 Years",0.07862,0.06295,0.08085,0.09692,0.10291,0.10291,0.10291,0.10291
"Medium","Sejong","30 Years",0.10315,0.07926,0.09638,0.11143,0.11696,0.11696,0.11696,0.11696
"Medium","Sejong","31 Years",0.11054,0.09277,0.10873,0.12248,0.12652,0.12652,0.12652,0.12652
"Medium","Sejong","32 Years",0.12765,0.10134,0.11594,0.12824,0.13045,0.13045,0.13045,0.13045
"Medium","Sejong","33 Years",0.11611,0.10367,0.11697,0.12788,0.12840,0.12840,0.12840,0.12840
"Medium","Sejong","34 Years",0.10639,0.09966,0.11175,0.12136,0.12186,0.12082,0.12082,0.12082
"Medium","Sejong","35 Years",0.09749,0.09028,0.10114,0.10949,0.11035,0.10882,0.10882,0.10882
"Medium","Sejong","36 Years",0.07339,0.07719,0.08669,0.09372,0.09514,0.09390,0.09390,0.09390
"Medium","Sejong","37 Years",0.05407,0.06237,0.07025,0.07586,0.07784,0.07766,0.07766,0.07766
"Medium","Sejong","38 Years",0.04323,0.04761,0.05365,0.05777,0.06014,0.06154,0.06154,0.06154
"Medium","Sejong","39 Years",0.02328,0.03430,0.03841,0.04110,0.04357,0.04616,0.04668,0.04668
"Medium","Sejong","40 Years",0.01870,0.02327,0.02562,0.02705,0.02932,0.03248,0.03382,0.03382
"Medium","Sejong","41 Years",0.01207,0.01483,0.01580,0.01628,0.01811,0.02122,0.02334,0.02334
"Medium","Sejong","42 Years",0.00780,0.00885,0.00893,0.00884,0.01012,0.01272,0.01528,0.01528
"Medium","Sejong","43 Years",0.00388,0.00494,0.00461,0.00427,0.00503,0.00689,0.00945,0.00945
"Medium","Sejong","44 Years",0.00197,0.00257,0.00216,0.00182,0.00219,0.00332,0.00505,0.00550
"Medium","Sejong","45 Years",0.00028,0.00124,0.00093,0.00067,0.00081,0.00140,0.00241,0.00301
"Medium","Sejong","46 Years",0.00000,0.00056,0.00060,0.00063,0.00025,0.00051,0.00101,0.00133
"Medium","Sejong","47 Years",0.00000,0.00023,0.00017,0.00012,0.00006,0.00015,0.00036,0.00051
"Medium","Sejong","48 Years",0.00000,0.00009,0.00008,0.00007,0.00001,0.00004,0.00011,0.00017
"Medium","Sejong","49 Years",0.00000,0.00003,0.00002,0.00001,0.00001,0.00001,0.00003,0.00005
"Medium","Gyeonggi-do","TFR",0.84,0.68,0.86,1.03,1.10,1.11,1.12,1.13
"Medium","Gyeonggi-do","15 Years",0.00002,0.00001,0.00008,0.00016,0.00019,0.00019,0.00019,0.00019
"Medium","Gyeonggi-do","16 Years",0.00015,0.00002,0.00015,0.00030,0.00036,0.00036,0.00036,0.00036
"Medium","Gyeonggi-do","17 Years",0.00031,0.00004,0.00028,0.00054,0.00064,0.00064,0.00064,0.00064
"Medium","Gyeonggi-do","18 Years",0.00034,0.00009,0.00050,0.00093,0.00110,0.00110,0.00110,0.00110
"Medium","Gyeonggi-do","19 Years",0.00068,0.00021,0.00088,0.00157,0.00185,0.00185,0.00185,0.00185
"Medium","Gyeonggi-do","20 Years",0.00155,0.00044,0.00149,0.00258,0.00301,0.00301,0.00301,0.00301
"Medium","Gyeonggi-do","21 Years",0.00264,0.00088,0.00248,0.00411,0.00477,0.00477,0.00477,0.00477
"Medium","Gyeonggi-do","22 Years",0.00366,0.00167,0.00401,0.00639,0.00735,0.00735,0.00735,0.00735
"Medium","Gyeonggi-do","23 Years",0.00451,0.00303,0.00632,0.00965,0.01098,0.01098,0.01098,0.01098
"Medium","Gyeonggi-do","24 Years",0.00689,0.00524,0.00967,0.01413,0.01592,0.01592,0.01592,0.01592
"Medium","Gyeonggi-do","25 Years",0.01019,0.00860,0.01432,0.02005,0.02235,0.02235,0.02235,0.02235
"Medium","Gyeonggi-do","26 Years",0.01460,0.01340,0.02047,0.02754,0.03037,0.03037,0.03037,0.03037
"Medium","Gyeonggi-do","27 Years",0.02272,0.01981,0.02820,0.03655,0.03988,0.03988,0.03988,0.03988
"Medium","Gyeonggi-do","28 Years",0.03393,0.02776,0.03731,0.04679,0.05057,0.05057,0.05057,0.05057
"Medium","Gyeonggi-do","29 Years",0.04582,0.03686,0.04732,0.05770,0.06182,0.06182,0.06182,0.06182
"Medium","Gyeonggi-do","30 Years",0.06399,0.04632,0.05743,0.06842,0.07279,0.07279,0.07279,0.07279
"Medium","Gyeonggi-do","31 Years",0.07794,0.05504,0.06681,0.07844,0.08244,0.08244,0.08244,0.08244
"Medium","Gyeonggi-do","32 Years",0.08853,0.06180,0.07417,0.08639,0.08968,0.08968,0.08968,0.08968
"Medium","Gyeonggi-do","33 Years",0.08791,0.06551,0.07841,0.09112,0.09357,0.09357,0.09357,0.09357
"Medium","Gyeonggi-do","34 Years",0.08307,0.06551,0.07871,0.09170,0.09434,0.09352,0.09352,0.09352
"Medium","Gyeonggi-do","35 Years",0.07612,0.06174,0.07483,0.08769,0.09074,0.08939,0.08939,0.08939
"Medium","Gyeonggi-do","36 Years",0.06160,0.05478,0.06715,0.07927,0.08283,0.08159,0.08159,0.08159
"Medium","Gyeonggi-do","37 Years",0.04709,0.04571,0.05665,0.06734,0.07134,0.07099,0.07099,0.07099
"Medium","Gyeonggi-do","38 Years",0.03531,0.03582,0.04472,0.05340,0.05756,0.05878,0.05878,0.05878
"Medium","Gyeonggi-do","39 Years",0.02613,0.02633,0.03285,0.03920,0.04316,0.04569,0.04621,0.04621
"Medium","Gyeonggi-do","40 Years",0.01873,0.01812,0.02231,0.02639,0.02979,0.03304,0.03443,0.03443
"Medium","Gyeonggi-do","41 Years",0.01185,0.01166,0.01392,0.01611,0.01872,0.02200,0.02425,0.02425
"Medium","Gyeonggi-do","42 Years",0.00642,0.00700,0.00793,0.00883,0.01057,0.01335,0.01610,0.01610
"Medium","Gyeonggi-do","43 Years",0.00356,0.00392,0.00411,0.00428,0.00528,0.00729,0.01006,0.01006
"Medium","Gyeonggi-do","44 Years",0.00183,0.00204,0.00193,0.00182,0.00230,0.00353,0.00541,0.00589
"Medium","Gyeonggi-do","45 Years",0.00078,0.00099,0.00083,0.00068,0.00086,0.00149,0.00259,0.00323
"Medium","Gyeonggi-do","46 Years",0.00027,0.00044,0.00054,0.00063,0.00027,0.00054,0.00108,0.00143
"Medium","Gyeonggi-do","47 Years",0.00011,0.00018,0.00015,0.00012,0.00007,0.00016,0.00039,0.00055
"Medium","Gyeonggi-do","48 Years",0.00003,0.00007,0.00007,0.00007,0.00001,0.00004,0.00012,0.00018
"Medium","Gyeonggi-do","49 Years",0.00002,0.00002,0.00002,0.00001,0.00002,0.00001,0.00003,0.00005
"Medium","Gangwon-do","TFR",0.97,0.83,1.01,1.18,1.24,1.25,1.27,1.27
"Medium","Gangwon-do","15 Years",0.00016,0.00002,0.00021,0.00039,0.00047,0.00047,0.00047,0.00047
"Medium","Gangwon-do","16 Years",0.00000,0.00005,0.00037,0.00068,0.00080,0.00080,0.00080,0.00080
"Medium","Gangwon-do","17 Years",0.00047,0.00011,0.00063,0.00115,0.00135,0.00135,0.00135,0.00135
"Medium","Gangwon-do","18 Years",0.00045,0.00023,0.00107,0.00188,0.00221,0.00221,0.00221,0.00221
"Medium","Gangwon-do","19 Years",0.00204,0.00048,0.00178,0.00303,0.00352,0.00352,0.00352,0.00352
"Medium","Gangwon-do","20 Years",0.00235,0.00095,0.00288,0.00474,0.00547,0.00547,0.00547,0.00547
"Medium","Gangwon-do","21 Years",0.00513,0.00180,0.00457,0.00724,0.00828,0.00828,0.00828,0.00828
"Medium","Gangwon-do","22 Years",0.00607,0.00325,0.00708,0.01075,0.01218,0.01218,0.01218,0.01218
"Medium","Gangwon-do","23 Years",0.01179,0.00558,0.01065,0.01551,0.01741,0.01741,0.01741,0.01741
"Medium","Gangwon-do","24 Years",0.01577,0.00913,0.01557,0.02174,0.02415,0.02415,0.02415,0.02415
"Medium","Gangwon-do","25 Years",0.01821,0.01422,0.02205,0.02955,0.03248,0.03248,0.03248,0.03248
"Medium","Gangwon-do","26 Years",0.02755,0.02106,0.03017,0.03891,0.04231,0.04231,0.04231,0.04231
"Medium","Gangwon-do","27 Years",0.04401,0.02965,0.03979,0.04954,0.05335,0.05335,0.05335,0.05335
"Medium","Gangwon-do","28 Years",0.05618,0.03965,0.05050,0.06095,0.06502,0.06502,0.06502,0.06502
"Medium","Gangwon-do","29 Years",0.06886,0.05035,0.06154,0.07233,0.07654,0.07654,0.07654,0.07654
"Medium","Gangwon-do","30 Years",0.08338,0.06068,0.07190,0.08271,0.08693,0.08693,0.08693,0.08693
"Medium","Gangwon-do","31 Years",0.09375,0.06938,0.08071,0.09161,0.09515,0.09515,0.09515,0.09515
"Medium","Gangwon-do","32 Years",0.09699,0.07521,0.08669,0.09770,0.10028,0.10028,0.10028,0.10028
"Medium","Gangwon-do","33 Years",0.07804,0.07727,0.08892,0.10003,0.10162,0.10162,0.10162,0.10162
"Medium","Gangwon-do","34 Years",0.08244,0.07519,0.08690,0.09799,0.09978,0.09892,0.09892,0.09892
"Medium","Gangwon-do","35 Years",0.07245,0.06923,0.08070,0.09149,0.09372,0.09237,0.09237,0.09237
"Medium","Gangwon-do","36 Years",0.05497,0.06025,0.07100,0.08103,0.08381,0.08261,0.08261,0.08261
"Medium","Gangwon-do","37 Years",0.04316,0.04951,0.05895,0.06769,0.07095,0.07067,0.07067,0.07067
"Medium","Gangwon-do","38 Years",0.03379,0.03835,0.04595,0.05296,0.05647,0.05770,0.05770,0.05770
"Medium","Gangwon-do","39 Years",0.02771,0.02794,0.03345,0.03849,0.04190,0.04437,0.04487,0.04487
"Medium","Gangwon-do","40 Years",0.01689,0.01912,0.02257,0.02573,0.02870,0.03182,0.03315,0.03315
"Medium","Gangwon-do","41 Years",0.01247,0.01226,0.01403,0.01565,0.01794,0.02108,0.02321,0.02321
"Medium","Gangwon-do","42 Years",0.00568,0.00734,0.00797,0.00855,0.01010,0.01274,0.01535,0.01535
"Medium","Gangwon-do","43 Years",0.00455,0.00410,0.00412,0.00414,0.00504,0.00694,0.00956,0.00956
"Medium","Gangwon-do","44 Years",0.00195,0.00214,0.00194,0.00176,0.00220,0.00336,0.00513,0.00559
"Medium","Gangwon-do","45 Years",0.00050,0.00103,0.00083,0.00065,0.00082,0.00142,0.00245,0.00306
"Medium","Gangwon-do","46 Years",0.00019,0.00046,0.00054,0.00061,0.00026,0.00051,0.00103,0.00136
"Medium","Gangwon-do","47 Years",0.00018,0.00019,0.00015,0.00012,0.00007,0.00016,0.00037,0.00052
"Medium","Gangwon-do","48 Years",0.00000,0.00007,0.00007,0.00007,0.00001,0.00004,0.00011,0.00017
"Medium","Gangwon-do","49 Years",0.00000,0.00003,0.00002,0.00001,0.00001,0.00001,0.00003,0.00005
"Medium","Chungcheongbuk-do","TFR",0.87,0.79,0.97,1.14,1.20,1.21,1.22,1.23
"Medium","Chungcheongbuk-do","15 Years",0.00000,0.00003,0.00024,0.00045,0.00053,0.00053,0.00053,0.00053
"Medium","Chungcheongbuk-do","16 Years",0.00000,0.00006,0.00040,0.00073,0.00086,0.00086,0.00086,0.00086
"Medium","Chungcheongbuk-do","17 Years",0.00044,0.00012,0.00067,0.00119,0.00139,0.00139,0.00139,0.00139
"Medium","Chungcheongbuk-do","18 Years",0.00028,0.00026,0.00111,0.00191,0.00223,0.00223,0.00223,0.00223
"Medium","Chungcheongbuk-do","19 Years",0.00168,0.00051,0.00180,0.00302,0.00350,0.00350,0.00350,0.00350
"Medium","Chungcheongbuk-do","20 Years",0.00225,0.00099,0.00288,0.00466,0.00536,0.00536,0.00536,0.00536
"Medium","Chungcheongbuk-do","21 Years",0.00431,0.00183,0.00450,0.00703,0.00802,0.00802,0.00802,0.00802
"Medium","Chungcheongbuk-do","22 Years",0.00697,0.00324,0.00688,0.01034,0.01169,0.01169,0.01169,0.01169
"Medium","Chungcheongbuk-do","23 Years",0.00937,0.00548,0.01026,0.01481,0.01659,0.01659,0.01659,0.01659
"Medium","Chungcheongbuk-do","24 Years",0.01385,0.00886,0.01487,0.02064,0.02289,0.02289,0.02289,0.02289
"Medium","Chungcheongbuk-do","25 Years",0.01680,0.01364,0.02094,0.02795,0.03069,0.03069,0.03069,0.03069
"Medium","Chungcheongbuk-do","26 Years",0.02388,0.02005,0.02853,0.03671,0.03991,0.03991,0.03991,0.03991
"Medium","Chungcheongbuk-do","27 Years",0.03549,0.02807,0.03755,0.04672,0.05032,0.05032,0.05032,0.05032
"Medium","Chungcheongbuk-do","28 Years",0.04820,0.03743,0.04763,0.05753,0.06141,0.06141,0.06141,0.06141
"Medium","Chungcheongbuk-do","29 Years",0.06535,0.04748,0.05809,0.06842,0.07248,0.07248,0.07248,0.07248
"Medium","Chungcheongbuk-do","30 Years",0.07976,0.05726,0.06802,0.07850,0.08262,0.08262,0.08262,0.08262
"Medium","Chungcheongbuk-do","31 Years",0.08284,0.06560,0.07660,0.08732,0.09084,0.09084,0.09084,0.09084
"Medium","Chungcheongbuk-do","32 Years",0.09256,0.07133,0.08262,0.09358,0.09623,0.09623,0.09623,0.09623
"Medium","Chungcheongbuk-do","33 Years",0.07818,0.07355,0.08513,0.09633,0.09807,0.09807,0.09807,0.09807
"Medium","Chungcheongbuk-do","34 Years",0.07523,0.07184,0.08359,0.09490,0.09686,0.09602,0.09602,0.09602
"Medium","Chungcheongbuk-do","35 Years",0.06468,0.06640,0.07800,0.08910,0.09151,0.09017,0.09017,0.09017
"Medium","Chungcheongbuk-do","36 Years",0.04894,0.05800,0.06892,0.07933,0.08228,0.08109,0.08109,0.08109
"Medium","Chungcheongbuk-do","37 Years",0.04004,0.04781,0.05744,0.06658,0.07000,0.06970,0.06970,0.06970
"Medium","Chungcheongbuk-do","38 Years",0.02730,0.03712,0.04493,0.05230,0.05595,0.05715,0.05715,0.05715
"Medium","Chungcheongbuk-do","39 Years",0.02070,0.02710,0.03278,0.03813,0.04165,0.04410,0.04460,0.04460
"Medium","Chungcheongbuk-do","40 Years",0.01252,0.01857,0.02216,0.02554,0.02860,0.03171,0.03305,0.03305
"Medium","Chungcheongbuk-do","41 Years",0.00853,0.01191,0.01379,0.01555,0.01791,0.02105,0.02318,0.02318
"Medium","Chungcheongbuk-do","42 Years",0.00539,0.00714,0.00784,0.00850,0.01009,0.01274,0.01535,0.01535
"Medium","Chungcheongbuk-do","43 Years",0.00294,0.00399,0.00406,0.00412,0.00504,0.00695,0.00957,0.00957
"Medium","Chungcheongbuk-do","44 Years",0.00116,0.00208,0.00191,0.00175,0.00220,0.00336,0.00514,0.00560
"Medium","Chungcheongbuk-do","45 Years",0.00074,0.00100,0.00082,0.00065,0.00082,0.00142,0.00246,0.00307
"Medium","Chungcheongbuk-do","46 Years",0.00018,0.00045,0.00053,0.00061,0.00026,0.00051,0.00103,0.00136
"Medium","Chungcheongbuk-do","47 Years",0.00008,0.00019,0.00015,0.00012,0.00007,0.00016,0.00037,0.00052
"Medium","Chungcheongbuk-do","48 Years",0.00000,0.00007,0.00007,0.00007,0.00001,0.00004,0.00011,0.00017
"Medium","Chungcheongbuk-do","49 Years",0.00000,0.00003,0.00002,0.00001,0.00001,0.00001,0.00003,0.00005
"Medium","Chungcheongnam-do","TFR",0.91,0.82,0.99,1.17,1.23,1.24,1.26,1.26
"Medium","Chungcheongnam-do","15 Years",0.00000,0.00002,0.00022,0.00041,0.00049,0.00049,0.00049,0.00049
"Medium","Chungcheongnam-do","16 Years",0.00022,0.00005,0.00038,0.00070,0.00083,0.00083,0.00083,0.00083
"Medium","Chungcheongnam-do","17 Years",0.00032,0.00011,0.00065,0.00117,0.00137,0.00137,0.00137,0.00137
"Medium","Chungcheongnam-do","18 Years",0.00073,0.00024,0.00109,0.00190,0.00222,0.00222,0.00222,0.00222
"Medium","Chungcheongnam-do","19 Years",0.00139,0.00049,0.00179,0.00304,0.00353,0.00353,0.00353,0.00353
"Medium","Chungcheongnam-do","20 Years",0.00203,0.00097,0.00290,0.00474,0.00546,0.00546,0.00546,0.00546
"Medium","Chungcheongnam-do","21 Years",0.00529,0.00182,0.00457,0.00720,0.00823,0.00823,0.00823,0.00823
"Medium","Chungcheongnam-do","22 Years",0.00644,0.00326,0.00704,0.01066,0.01207,0.01207,0.01207,0.01207
"Medium","Chungcheongnam-do","23 Years",0.01037,0.00557,0.01057,0.01534,0.01720,0.01720,0.01720,0.01720
"Medium","Chungcheongnam-do","24 Years",0.01409,0.00908,0.01540,0.02146,0.02382,0.02382,0.02382,0.02382
"Medium","Chungcheongnam-do","25 Years",0.01960,0.01409,0.02176,0.02912,0.03200,0.03200,0.03200,0.03200
"Medium","Chungcheongnam-do","26 Years",0.02944,0.02081,0.02973,0.03830,0.04165,0.04165,0.04165,0.04165
"Medium","Chungcheongnam-do","27 Years",0.03858,0.02924,0.03918,0.04876,0.05250,0.05250,0.05250,0.05250
"Medium","Chungcheongnam-do","28 Years",0.05329,0.03905,0.04970,0.05998,0.06400,0.06400,0.06400,0.06400
"Medium","Chungcheongnam-do","29 Years",0.06602,0.04955,0.06057,0.07122,0.07538,0.07538,0.07538,0.07538
"Medium","Chungcheongnam-do","30 Years",0.07559,0.05971,0.07079,0.08150,0.08569,0.08569,0.08569,0.08569
"Medium","Chungcheongnam-do","31 Years",0.08960,0.06830,0.07953,0.09037,0.09390,0.09390,0.09390,0.09390
"Medium","Chungcheongnam-do","32 Years",0.09465,0.07410,0.08551,0.09650,0.09910,0.09910,0.09910,0.09910
"Medium","Chungcheongnam-do","33 Years",0.08223,0.07620,0.08782,0.09895,0.10058,0.10058,0.10058,0.10058
"Medium","Chungcheongnam-do","34 Years",0.07726,0.07421,0.08593,0.09708,0.09892,0.09807,0.09807,0.09807
"Medium","Chungcheongnam-do","35 Years",0.06293,0.06840,0.07991,0.09079,0.09307,0.09172,0.09172,0.09172
"Medium","Chungcheongnam-do","36 Years",0.05215,0.05959,0.07039,0.08053,0.08336,0.08216,0.08216,0.08216
"Medium","Chungcheongnam-do","37 Years",0.04081,0.04901,0.05850,0.06736,0.07067,0.07038,0.07038,0.07038
"Medium","Chungcheongnam-do","38 Years",0.03007,0.03799,0.04565,0.05277,0.05631,0.05753,0.05753,0.05753
"Medium","Chungcheongnam-do","39 Years",0.02112,0.02770,0.03325,0.03838,0.04182,0.04428,0.04479,0.04479
"Medium","Chungcheongnam-do","40 Years",0.01473,0.01896,0.02245,0.02568,0.02867,0.03179,0.03312,0.03312
"Medium","Chungcheongnam-do","41 Years",0.00848,0.01216,0.01396,0.01562,0.01793,0.02106,0.02320,0.02320
"Medium","Chungcheongnam-do","42 Years",0.00572,0.00728,0.00793,0.00854,0.01010,0.01274,0.01535,0.01535
"Medium","Chungcheongnam-do","43 Years",0.00342,0.00407,0.00410,0.00414,0.00504,0.00694,0.00956,0.00956
"Medium","Chungcheongnam-do","44 Years",0.00115,0.00212,0.00193,0.00176,0.00220,0.00336,0.00514,0.00559
"Medium","Chungcheongnam-do","45 Years",0.00028,0.00102,0.00083,0.00065,0.00082,0.00142,0.00245,0.00306
"Medium","Chungcheongnam-do","46 Years",0.00048,0.00046,0.00054,0.00061,0.00026,0.00051,0.00103,0.00136
"Medium","Chungcheongnam-do","47 Years",0.00006,0.00019,0.00015,0.00012,0.00007,0.00016,0.00037,0.00052
"Medium","Chungcheongnam-do","48 Years",0.00006,0.00007,0.00007,0.00007,0.00001,0.00004,0.00011,0.00017
"Medium","Chungcheongnam-do","49 Years",0.00000,0.00003,0.00002,0.00001,0.00001,0.00001,0.00003,0.00005
"Medium","Jeollabuk-do","TFR",0.82,0.71,0.88,1.05,1.11,1.13,1.14,1.14
"Medium","Jeollabuk-do","15 Years",0.00024,0.00002,0.00022,0.00039,0.00046,0.00046,0.00046,0.00046
"Medium","Jeollabuk-do","16 Years",0.00013,0.00005,0.00034,0.00061,0.00072,0.00072,0.00072,0.00072
"Medium","Jeollabuk-do","17 Years",0.00037,0.00011,0.00056,0.00099,0.00116,0.00116,0.00116,0.00116
"Medium","Jeollabuk-do","18 Years",0.00046,0.00022,0.00092,0.00159,0.00184,0.00184,0.00184,0.00184
"Medium","Jeollabuk-do","19 Years",0.00176,0.00043,0.00149,0.00249,0.00289,0.00289,0.00289,0.00289
"Medium","Jeollabuk-do","20 Years",0.00198,0.00083,0.00238,0.00385,0.00442,0.00442,0.00442,0.00442
"Medium","Jeollabuk-do","21 Years",0.00408,0.00152,0.00371,0.00581,0.00663,0.00663,0.00663,0.00663
"Medium","Jeollabuk-do","22 Years",0.00609,0.00268,0.00568,0.00856,0.00970,0.00970,0.00970,0.00970
"Medium","Jeollabuk-do","23 Years",0.00713,0.00452,0.00849,0.01233,0.01384,0.01384,0.01384,0.01384
"Medium","Jeollabuk-do","24 Years",0.00997,0.00732,0.01238,0.01730,0.01923,0.01923,0.01923,0.01923
"Medium","Jeollabuk-do","25 Years",0.01393,0.01132,0.01754,0.02361,0.02600,0.02600,0.02600,0.02600
"Medium","Jeollabuk-do","26 Years",0.02246,0.01674,0.02410,0.03132,0.03416,0.03416,0.03416,0.03416
"Medium","Jeollabuk-do","27 Years",0.02900,0.02365,0.03204,0.04029,0.04356,0.04356,0.04356,0.04356
"Medium","Jeollabuk-do","28 Years",0.03686,0.03185,0.04109,0.05021,0.05382,0.05382,0.05382,0.05382
"Medium","Jeollabuk-do","29 Years",0.05152,0.04086,0.05073,0.06048,0.06435,0.06435,0.06435,0.06435
"Medium","Jeollabuk-do","30 Years",0.06656,0.04988,0.06015,0.07033,0.07437,0.07437,0.07437,0.07437
"Medium","Jeollabuk-do","31 Years",0.07747,0.05788,0.06864,0.07931,0.08292,0.08292,0.08292,0.08292
"Medium","Jeollabuk-do","32 Years",0.08611,0.06374,0.07502,0.08619,0.08908,0.08908,0.08908,0.08908
"Medium","Jeollabuk-do","33 Years",0.08549,0.06653,0.07831,0.08994,0.09205,0.09205,0.09205,0.09205
"Medium","Jeollabuk-do","34 Years",0.07258,0.06574,0.07784,0.08979,0.09212,0.09132,0.09132,0.09132
"Medium","Jeollabuk-do","35 Years",0.06122,0.06139,0.07346,0.08534,0.08812,0.08682,0.08682,0.08682
"Medium","Jeollabuk-do","36 Years",0.05185,0.05411,0.06556,0.07683,0.08014,0.07895,0.07895,0.07895
"Medium","Jeollabuk-do","37 Years",0.03838,0.04493,0.05510,0.06509,0.06886,0.06853,0.06853,0.06853
"Medium","Jeollabuk-do","38 Years",0.03361,0.03509,0.04338,0.05153,0.05548,0.05666,0.05666,0.05666
"Medium","Jeollabuk-do","39 Years",0.02322,0.02573,0.03181,0.03778,0.04157,0.04400,0.04451,0.04451
"Medium","Jeollabuk-do","40 Years",0.01525,0.01768,0.02159,0.02542,0.02868,0.03180,0.03314,0.03314
"Medium","Jeollabuk-do","41 Years",0.01029,0.01137,0.01346,0.01552,0.01801,0.02118,0.02334,0.02334
"Medium","Jeollabuk-do","42 Years",0.00461,0.00682,0.00767,0.00850,0.01017,0.01285,0.01550,0.01550
"Medium","Jeollabuk-do","43 Years",0.00254,0.00382,0.00397,0.00413,0.00508,0.00701,0.00968,0.00968
"Medium","Jeollabuk-do","44 Years",0.00138,0.00199,0.00187,0.00176,0.00222,0.00339,0.00520,0.00567
"Medium","Jeollabuk-do","45 Years",0.00050,0.00096,0.00080,0.00065,0.00083,0.00143,0.00249,0.00310
"Medium","Jeollabuk-do","46 Years",0.00025,0.00043,0.00052,0.00061,0.00026,0.00052,0.00104,0.00138
"Medium","Jeollabuk-do","47 Years",0.00008,0.00018,0.00015,0.00012,0.00007,0.00016,0.00037,0.00053
"Medium","Jeollabuk-do","48 Years",0.00007,0.00007,0.00007,0.00007,0.00001,0.00004,0.00011,0.00017
"Medium","Jeollabuk-do","49 Years",0.00000,0.00002,0.00002,0.00001,0.00001,0.00001,0.00003,0.00005
"Medium","Jeollanam-do","TFR",0.97,0.89,1.08,1.25,1.31,1.33,1.34,1.34
"Medium","Jeollanam-do","15 Years",0.00013,0.00001,0.00017,0.00034,0.00041,0.00041,0.00041,0.00041
"Medium","Jeollanam-do","16 Years",0.00040,0.00004,0.00033,0.00064,0.00077,0.00077,0.00077,0.00077
"Medium","Jeollanam-do","17 Years",0.00052,0.00009,0.00060,0.00113,0.00134,0.00134,0.00134,0.00134
"Medium","Jeollanam-do","18 Years",0.00037,0.00021,0.00106,0.00192,0.00226,0.00226,0.00226,0.00226
"Medium","Jeollanam-do","19 Years",0.00101,0.00045,0.00181,0.00316,0.00370,0.00370,0.00370,0.00370
"Medium","Jeollanam-do","20 Years",0.00366,0.00093,0.00301,0.00505,0.00585,0.00585,0.00585,0.00585
"Medium","Jeollanam-do","21 Years",0.00593,0.00182,0.00486,0.00782,0.00898,0.00898,0.00898,0.00898
"Medium","Jeollanam-do","22 Years",0.00548,0.00338,0.00764,0.01175,0.01336,0.01336,0.01336,0.01336
"Medium","Jeollanam-do","23 Years",0.01073,0.00594,0.01165,0.01711,0.01924,0.01924,0.01924,0.01924
"Medium","Jeollanam-do","24 Years",0.01528,0.00990,0.01717,0.02411,0.02681,0.02681,0.02681,0.02681
"Medium","Jeollanam-do","25 Years",0.01829,0.01561,0.02445,0.03286,0.03613,0.03613,0.03613,0.03613
"Medium","Jeollanam-do","26 Years",0.02769,0.02331,0.03355,0.04327,0.04703,0.04703,0.04703,0.04703
"Medium","Jeollanam-do","27 Years",0.03457,0.03295,0.04426,0.05497,0.05912,0.05912,0.05912,0.05912
"Medium","Jeollanam-do","28 Years",0.04980,0.04411,0.05603,0.06733,0.07170,0.07170,0.07170,0.07170
"Medium","Jeollanam-do","29 Years",0.07254,0.05590,0.06797,0.07941,0.08382,0.08382,0.08382,0.08382
"Medium","Jeollanam-do","30 Years",0.08426,0.06708,0.07891,0.09010,0.09441,0.09441,0.09441,0.09441
"Medium","Jeollanam-do","31 Years",0.08715,0.07624,0.08790,0.09890,0.10237,0.10237,0.10237,0.10237
"Medium","Jeollanam-do","32 Years",0.09849,0.08206,0.09361,0.10443,0.10678,0.10678,0.10678,0.10678
"Medium","Jeollanam-do","33 Years",0.09165,0.08365,0.09514,0.10581,0.10706,0.10706,0.10706,0.10706
"Medium","Jeollanam-do","34 Years",0.08037,0.08074,0.09212,0.10257,0.10400,0.10311,0.10311,0.10311
"Medium","Jeollanam-do","35 Years",0.07608,0.07378,0.08479,0.09480,0.09667,0.09529,0.09529,0.09529
"Medium","Jeollanam-do","36 Years",0.05934,0.06378,0.07400,0.08318,0.08561,0.08441,0.08441,0.08441
"Medium","Jeollanam-do","37 Years",0.04479,0.05210,0.06100,0.06891,0.07184,0.07158,0.07158,0.07158
"Medium","Jeollanam-do","38 Years",0.03336,0.04017,0.04729,0.05355,0.05676,0.05802,0.05802,0.05802
"Medium","Jeollanam-do","39 Years",0.02498,0.02917,0.03427,0.03872,0.04188,0.04435,0.04485,0.04485
"Medium","Jeollanam-do","40 Years",0.01869,0.01991,0.02306,0.02579,0.02857,0.03166,0.03298,0.03298
"Medium","Jeollanam-do","41 Years",0.00945,0.01274,0.01430,0.01564,0.01781,0.02090,0.02301,0.02301
"Medium","Jeollanam-do","42 Years",0.00653,0.00763,0.00811,0.00853,0.01001,0.01261,0.01518,0.01518
"Medium","Jeollanam-do","43 Years",0.00446,0.00426,0.00419,0.00413,0.00499,0.00686,0.00944,0.00944
"Medium","Jeollanam-do","44 Years",0.00156,0.00222,0.00197,0.00176,0.00217,0.00332,0.00507,0.00552
"Medium","Jeollanam-do","45 Years",0.00090,0.00107,0.00085,0.00065,0.00081,0.00140,0.00242,0.00302
"Medium","Jeollanam-do","46 Years",0.00045,0.00048,0.00055,0.00061,0.00025,0.00051,0.00101,0.00134
"Medium","Jeollanam-do","47 Years",0.00000,0.00020,0.00015,0.00012,0.00006,0.00015,0.00036,0.00052
"Medium","Jeollanam-do","48 Years",0.00000,0.00008,0.00007,0.00007,0.00001,0.00004,0.00011,0.00017
"Medium","Jeollanam-do","49 Years",0.00000,0.00003,0.00002,0.00001,0.00001,0.00001,0.00003,0.00005
"Medium","Gyeongsangbuk-do","TFR",0.93,0.81,0.99,1.16,1.22,1.24,1.25,1.25
"Medium","Gyeongsangbuk-do","15 Years",0.00010,0.00001,0.00015,0.00030,0.00036,0.00036,0.00036,0.00036
"Medium","Gyeongsangbuk-do","16 Years",0.00010,0.00003,0.00029,0.00054,0.00065,0.00065,0.00065,0.00065
"Medium","Gyeongsangbuk-do","17 Years",0.00039,0.00008,0.00051,0.00094,0.00112,0.00112,0.00112,0.00112
"Medium","Gyeongsangbuk-do","18 Years",0.00056,0.00018,0.00088,0.00158,0.00187,0.00187,0.00187,0.00187
"Medium","Gyeongsangbuk-do","19 Years",0.00113,0.00038,0.00149,0.00260,0.00303,0.00303,0.00303,0.00303
"Medium","Gyeongsangbuk-do","20 Years",0.00331,0.00078,0.00247,0.00414,0.00480,0.00480,0.00480,0.00480
"Medium","Gyeongsangbuk-do","21 Years",0.00406,0.00150,0.00399,0.00642,0.00737,0.00737,0.00737,0.00737
"Medium","Gyeongsangbuk-do","22 Years",0.00549,0.00278,0.00627,0.00967,0.01101,0.01101,0.01101,0.01101
"Medium","Gyeongsangbuk-do","23 Years",0.00793,0.00487,0.00958,0.01416,0.01596,0.01596,0.01596,0.01596
"Medium","Gyeongsangbuk-do","24 Years",0.01082,0.00812,0.01421,0.02010,0.02241,0.02241,0.02241,0.02241
"Medium","Gyeongsangbuk-do","25 Years",0.01818,0.01287,0.02038,0.02765,0.03050,0.03050,0.03050,0.03050
"Medium","Gyeongsangbuk-do","26 Years",0.02706,0.01935,0.02823,0.03681,0.04017,0.04017,0.04017,0.04017
"Medium","Gyeongsangbuk-do","27 Years",0.03265,0.02762,0.03765,0.04735,0.05114,0.05114,0.05114,0.05114
"Medium","Gyeongsangbuk-do","28 Years",0.04680,0.03741,0.04828,0.05878,0.06289,0.06289,0.06289,0.06289
"Medium","Gyeongsangbuk-do","29 Years",0.06519,0.04803,0.05938,0.07034,0.07462,0.07462,0.07462,0.07462
"Medium","Gyeongsangbuk-do","30 Years",0.08586,0.05845,0.06993,0.08102,0.08535,0.08535,0.08535,0.08535
"Medium","Gyeongsangbuk-do","31 Years",0.09193,0.06739,0.07907,0.09033,0.09401,0.09401,0.09401,0.09401
"Medium","Gyeongsangbuk-do","32 Years",0.10134,0.07358,0.08546,0.09687,0.09961,0.09961,0.09961,0.09961
"Medium","Gyeongsangbuk-do","33 Years",0.08700,0.07605,0.08812,0.09966,0.10141,0.10141,0.10141,0.10141
"Medium","Gyeongsangbuk-do","34 Years",0.07956,0.07436,0.08650,0.09803,0.09997,0.09910,0.09910,0.09910
"Medium","Gyeongsangbuk-do","35 Years",0.07168,0.06874,0.08062,0.09183,0.09420,0.09283,0.09283,0.09283
"Medium","Gyeongsangbuk-do","36 Years",0.05691,0.06001,0.07114,0.08155,0.08446,0.08325,0.08325,0.08325
"Medium","Gyeongsangbuk-do","37 Years",0.03929,0.04943,0.05919,0.06827,0.07165,0.07135,0.07135,0.07135
"Medium","Gyeongsangbuk-do","38 Years",0.03107,0.03835,0.04622,0.05350,0.05711,0.05835,0.05835,0.05835
"Medium","Gyeongsangbuk-do","39 Years",0.02251,0.02798,0.03368,0.03893,0.04242,0.04492,0.04543,0.04543
"Medium","Gyeongsangbuk-do","40 Years",0.01644,0.01916,0.02275,0.02604,0.02908,0.03224,0.03360,0.03360
"Medium","Gyeongsangbuk-do","41 Years",0.01104,0.01229,0.01414,0.01584,0.01819,0.02137,0.02353,0.02353
"Medium","Gyeongsangbuk-do","42 Years",0.00604,0.00737,0.00804,0.00866,0.01024,0.01293,0.01557,0.01557
"Medium","Gyeongsangbuk-do","43 Years",0.00240,0.00412,0.00416,0.00420,0.00511,0.00704,0.00970,0.00970
"Medium","Gyeongsangbuk-do","44 Years",0.00174,0.00214,0.00196,0.00179,0.00223,0.00341,0.00521,0.00567
"Medium","Gyeongsangbuk-do","45 Years",0.00077,0.00104,0.00084,0.00066,0.00083,0.00144,0.00249,0.00310
"Medium","Gyeongsangbuk-do","46 Years",0.00029,0.00046,0.00054,0.00062,0.00026,0.00052,0.00104,0.00138
"Medium","Gyeongsangbuk-do","47 Years",0.00005,0.00019,0.00015,0.00012,0.00007,0.00016,0.00037,0.00053
"Medium","Gyeongsangbuk-do","48 Years",0.00000,0.00007,0.00007,0.00007,0.00001,0.00004,0.00011,0.00017
"Medium","Gyeongsangbuk-do","49 Years",0.00000,0.00003,0.00002,0.00001,0.00001,0.00001,0.00003,0.00005
"Medium","Gyeongsangnam-do","TFR",0.84,0.75,0.93,1.10,1.17,1.18,1.20,1.20
"Medium","Gyeongsangnam-do","15 Years",0.00006,0.00001,0.00010,0.00020,0.00025,0.00025,0.00025,0.00025
"Medium","Gyeongsangnam-do","16 Years",0.00021,0.00002,0.00020,0.00039,0.00047,0.00047,0.00047,0.00047
"Medium","Gyeongsangnam-do","17 Years",0.00055,0.00005,0.00037,0.00069,0.00083,0.00083,0.00083,0.00083
"Medium","Gyeongsangnam-do","18 Years",0.00013,0.00012,0.00065,0.00119,0.00141,0.00141,0.00141,0.00141
"Medium","Gyeongsangnam-do","19 Years",0.00124,0.00027,0.00112,0.00199,0.00234,0.00234,0.00234,0.00234
"Medium","Gyeongsangnam-do","20 Years",0.00149,0.00057,0.00190,0.00324,0.00378,0.00378,0.00378,0.00378
"Medium","Gyeongsangnam-do","21 Years",0.00232,0.00113,0.00312,0.00513,0.00593,0.00593,0.00593,0.00593
"Medium","Gyeongsangnam-do","22 Years",0.00497,0.00213,0.00500,0.00787,0.00902,0.00902,0.00902,0.00902
"Medium","Gyeongsangnam-do","23 Years",0.00732,0.00382,0.00779,0.01174,0.01331,0.01331,0.01331,0.01331
"Medium","Gyeongsangnam-do","24 Years",0.01039,0.00651,0.01177,0.01697,0.01904,0.01904,0.01904,0.01904
"Medium","Gyeongsangnam-do","25 Years",0.01251,0.01054,0.01721,0.02377,0.02637,0.02637,0.02637,0.02637
"Medium","Gyeongsangnam-do","26 Years",0.02025,0.01620,0.02427,0.03219,0.03532,0.03532,0.03532,0.03532
"Medium","Gyeongsangnam-do","27 Years",0.03275,0.02359,0.03294,0.04210,0.04572,0.04572,0.04572,0.04572
"Medium","Gyeongsangnam-do","28 Years",0.04023,0.03257,0.04295,0.05312,0.05712,0.05712,0.05712,0.05712
"Medium","Gyeongsangnam-do","29 Years",0.05880,0.04258,0.05369,0.06454,0.06882,0.06882,0.06882,0.06882
"Medium","Gyeongsangnam-do","30 Years",0.07292,0.05269,0.06421,0.07544,0.07986,0.07986,0.07986,0.07986
"Medium","Gyeongsangnam-do","31 Years",0.08408,0.06170,0.07364,0.08526,0.08915,0.08915,0.08915,0.08915
"Medium","Gyeongsangnam-do","32 Years",0.09436,0.06832,0.08064,0.09260,0.09565,0.09565,0.09565,0.09565
"Medium","Gyeongsangnam-do","33 Years",0.08520,0.07150,0.08415,0.09639,0.09850,0.09850,0.09850,0.09850
"Medium","Gyeongsangnam-do","34 Years",0.07602,0.07067,0.08348,0.09582,0.09811,0.09725,0.09725,0.09725
"Medium","Gyeongsangnam-do","35 Years",0.06302,0.06593,0.07852,0.09060,0.09331,0.09194,0.09194,0.09194
"Medium","Gyeongsangnam-do","36 Years",0.05128,0.05800,0.06982,0.08111,0.08433,0.08310,0.08310,0.08310
"Medium","Gyeongsangnam-do","37 Years",0.03847,0.04806,0.05846,0.06834,0.07201,0.07170,0.07170,0.07170
"Medium","Gyeongsangnam-do","38 Years",0.02768,0.03746,0.04587,0.05383,0.05771,0.05895,0.05895,0.05895
"Medium","Gyeongsangnam-do","39 Years",0.01917,0.02742,0.03354,0.03932,0.04304,0.04557,0.04609,0.04609
"Medium","Gyeongsangnam-do","40 Years",0.01411,0.01882,0.02271,0.02637,0.02959,0.03281,0.03419,0.03419
"Medium","Gyeongsangnam-do","41 Years",0.00817,0.01209,0.01414,0.01607,0.01854,0.02179,0.02401,0.02401
"Medium","Gyeongsangnam-do","42 Years",0.00594,0.00725,0.00805,0.00879,0.01045,0.01320,0.01591,0.01591
"Medium","Gyeongsangnam-do","43 Years",0.00243,0.00406,0.00417,0.00426,0.00522,0.00720,0.00992,0.00992
"Medium","Gyeongsangnam-do","44 Years",0.00133,0.00211,0.00196,0.00181,0.00227,0.00348,0.00533,0.00581
"Medium","Gyeongsangnam-do","45 Years",0.00030,0.00102,0.00084,0.00067,0.00085,0.00147,0.00255,0.00318
"Medium","Gyeongsangnam-do","46 Years",0.00025,0.00046,0.00055,0.00063,0.00026,0.00053,0.00107,0.00141
"Medium","Gyeongsangnam-do","47 Years",0.00000,0.00019,0.00015,0.00012,0.00007,0.00016,0.00038,0.00054
"Medium","Gyeongsangnam-do","48 Years",0.00004,0.00007,0.00007,0.00007,0.00001,0.00004,0.00012,0.00018
"Medium","Gyeongsangnam-do","49 Years",0.00004,0.00003,0.00002,0.00001,0.00002,0.00001,0.00003,0.00005
"Medium","Jeju-do","TFR",0.92,0.79,0.97,1.15,1.21,1.22,1.24,1.24
"Medium","Jeju-do","15 Years",0.00000,0.00001,0.00016,0.00032,0.00038,0.00038,0.00038,0.00038
"Medium","Jeju-do","16 Years",0.00000,0.00004,0.00030,0.00056,0.00067,0.00067,0.00067,0.00067
"Medium","Jeju-do","17 Years",0.00032,0.00008,0.00052,0.00096,0.00114,0.00114,0.00114,0.00114
"Medium","Jeju-do","18 Years",0.00182,0.00019,0.00090,0.00160,0.00188,0.00188,0.00188,0.00188
"Medium","Jeju-do","19 Years",0.00094,0.00039,0.00151,0.00261,0.00304,0.00304,0.00304,0.00304
"Medium","Jeju-do","20 Years",0.00341,0.00079,0.00248,0.00413,0.00478,0.00478,0.00478,0.00478
"Medium","Jeju-do","21 Years",0.00407,0.00152,0.00398,0.00638,0.00732,0.00732,0.00732,0.00732
"Medium","Jeju-do","22 Years",0.00320,0.00279,0.00623,0.00958,0.01089,0.01089,0.01089,0.01089
"Medium","Jeju-do","23 Years",0.00815,0.00486,0.00949,0.01397,0.01574,0.01574,0.01574,0.01574
"Medium","Jeju-do","24 Years",0.00887,0.00807,0.01402,0.01979,0.02206,0.02206,0.02206,0.02206
"Medium","Jeju-do","25 Years",0.01762,0.01272,0.02007,0.02718,0.02997,0.02997,0.02997,0.02997
"Medium","Jeju-do","26 Years",0.02304,0.01908,0.02775,0.03614,0.03943,0.03943,0.03943,0.03943
"Medium","Jeju-do","27 Years",0.02893,0.02717,0.03697,0.04646,0.05018,0.05018,0.05018,0.05018
"Medium","Jeju-do","28 Years",0.04455,0.03674,0.04738,0.05768,0.06172,0.06172,0.06172,0.06172
"Medium","Jeju-do","29 Years",0.05565,0.04713,0.05827,0.06906,0.07329,0.07329,0.07329,0.07329
"Medium","Jeju-do","30 Years",0.06733,0.05735,0.06867,0.07963,0.08392,0.08392,0.08392,0.08392
"Medium","Jeju-do","31 Years",0.09229,0.06616,0.07771,0.08888,0.09256,0.09256,0.09256,0.09256
"Medium","Jeju-do","32 Years",0.09204,0.07229,0.08409,0.09547,0.09823,0.09823,0.09823,0.09823
"Medium","Jeju-do","33 Years",0.08759,0.07480,0.08683,0.09838,0.10019,0.10019,0.10019,0.10019
"Medium","Jeju-do","34 Years",0.07514,0.07323,0.08536,0.09695,0.09895,0.09809,0.09809,0.09809
"Medium","Jeju-do","35 Years",0.08021,0.06777,0.07969,0.09099,0.09342,0.09206,0.09206,0.09206
"Medium","Jeju-do","36 Years",0.05623,0.05924,0.07041,0.08095,0.08391,0.08270,0.08270,0.08270
"Medium","Jeju-do","37 Years",0.04675,0.04884,0.05866,0.06787,0.07130,0.07100,0.07100,0.07100
"Medium","Jeju-do","38 Years",0.04212,0.03792,0.04585,0.05325,0.05691,0.05814,0.05814,0.05814
"Medium","Jeju-do","39 Years",0.02975,0.02769,0.03344,0.03879,0.04232,0.04481,0.04532,0.04532
"Medium","Jeju-do","40 Years",0.02013,0.01897,0.02260,0.02597,0.02904,0.03219,0.03355,0.03355
"Medium","Jeju-do","41 Years",0.01390,0.01217,0.01406,0.01580,0.01817,0.02135,0.02352,0.02352
"Medium","Jeju-do","42 Years",0.00848,0.00730,0.00799,0.00864,0.01024,0.01292,0.01557,0.01557
"Medium","Jeju-do","43 Years",0.00402,0.00408,0.00413,0.00419,0.00511,0.00704,0.00970,0.00970
"Medium","Jeju-do","44 Years",0.00184,0.00212,0.00194,0.00178,0.00223,0.00340,0.00521,0.00567
"Medium","Jeju-do","45 Years",0.00040,0.00103,0.00084,0.00066,0.00083,0.00144,0.00249,0.00311
"Medium","Jeju-do","46 Years",0.00000,0.00046,0.00054,0.00062,0.00026,0.00052,0.00104,0.00138
"Medium","Jeju-do","47 Years",0.00037,0.00019,0.00015,0.00012,0.00007,0.00016,0.00037,0.00053
"Medium","Jeju-do","48 Years",0.00000,0.00007,0.00007,0.00007,0.00001,0.00004,0.00011,0.00017
"Medium","Jeju-do","49 Years",0.00017,0.00003,0.00002,0.00001,0.00001,0.00001,0.00003,0.00005
